player_name,mlbam_id,launch_speed,launch_angle
"Witt Jr., Bobby",677951,106.3,41.0
"Witt Jr., Bobby",677951,111.5,21.0
"Witt Jr., Bobby",677951,108.1,24.0
"Witt Jr., Bobby",677951,102.8,27.0
"Witt Jr., Bobby",677951,98.7,36.0
"Witt Jr., Bobby",677951,105.6,26.0
"Witt Jr., Bobby",677951,111.5,22.0
"Witt Jr., Bobby",677951,107.9,31.0
"Witt Jr., Bobby",677951,103.9,29.0
"Witt Jr., Bobby",677951,105.3,18.0
"Witt Jr., Bobby",677951,106.4,26.0
"Witt Jr., Bobby",677951,92.9,27.0
"Witt Jr., Bobby",677951,110.7,18.0
"Witt Jr., Bobby",677951,98.8,28.0
"Witt Jr., Bobby",677951,109.2,29.0
"Witt Jr., Bobby",677951,104.7,25.0
"Witt Jr., Bobby",677951,107.0,29.0
"Witt Jr., Bobby",677951,112.0,21.0
"Witt Jr., Bobby",677951,104.6,26.0
"Witt Jr., Bobby",677951,108.0,24.0
"Witt Jr., Bobby",677951,107.7,28.0
"Witt Jr., Bobby",677951,107.4,26.0
"Witt Jr., Bobby",677951,106.3,34.0
"Witt Jr., Bobby",677951,110.7,18.0
"Witt Jr., Bobby",677951,107.5,25.0
"Witt Jr., Bobby",677951,111.0,25.0
"Witt Jr., Bobby",677951,108.6,23.0
"Witt Jr., Bobby",677951,105.6,35.0
"Witt Jr., Bobby",677951,105.4,24.0
"Witt Jr., Bobby",677951,103.2,33.0
"Witt Jr., Bobby",677951,110.8,26.0
"Witt Jr., Bobby",677951,109.8,30.0
"Arraez, Luis",650333,98.2,29.0
"Arraez, Luis",650333,95.8,28.0
"Arraez, Luis",650333,102.8,26.0
"Arraez, Luis",650333,96.5,31.0
"Guerrero Jr., Vladimir",665489,110.6,24.0
"Guerrero Jr., Vladimir",665489,109.7,25.0
"Guerrero Jr., Vladimir",665489,109.6,20.0
"Guerrero Jr., Vladimir",665489,111.7,18.0
"Guerrero Jr., Vladimir",665489,111.1,30.0
"Guerrero Jr., Vladimir",665489,103.7,30.0
"Guerrero Jr., Vladimir",665489,100.9,27.0
"Guerrero Jr., Vladimir",665489,103.6,26.0
"Guerrero Jr., Vladimir",665489,104.7,29.0
"Guerrero Jr., Vladimir",665489,112.2,16.0
"Guerrero Jr., Vladimir",665489,102.1,25.0
"Guerrero Jr., Vladimir",665489,103.5,29.0
"Guerrero Jr., Vladimir",665489,104.7,35.0
"Guerrero Jr., Vladimir",665489,112.0,21.0
"Guerrero Jr., Vladimir",665489,108.4,25.0
"Guerrero Jr., Vladimir",665489,117.5,16.0
"Guerrero Jr., Vladimir",665489,109.9,24.0
"Guerrero Jr., Vladimir",665489,106.5,23.0
"Guerrero Jr., Vladimir",665489,107.3,26.0
"Guerrero Jr., Vladimir",665489,107.1,42.0
"Guerrero Jr., Vladimir",665489,113.1,26.0
"Guerrero Jr., Vladimir",665489,107.4,24.0
"Guerrero Jr., Vladimir",665489,102.3,26.0
"Guerrero Jr., Vladimir",665489,103.3,33.0
"Guerrero Jr., Vladimir",665489,109.2,23.0
"Guerrero Jr., Vladimir",665489,106.4,27.0
"Guerrero Jr., Vladimir",665489,108.8,34.0
"Guerrero Jr., Vladimir",665489,114.3,22.0
"Guerrero Jr., Vladimir",665489,104.2,26.0
"Guerrero Jr., Vladimir",665489,111.8,29.0
"Ohtani, Shohei",660271,103.4,34.0
"Ohtani, Shohei",660271,114.7,20.0
"Ohtani, Shohei",660271,110.1,27.0
"Ohtani, Shohei",660271,111.2,36.0
"Ohtani, Shohei",660271,109.7,27.0
"Ohtani, Shohei",660271,113.6,36.0
"Ohtani, Shohei",660271,105.3,32.0
"Ohtani, Shohei",660271,118.1,19.0
"Ohtani, Shohei",660271,116.7,34.0
"Ohtani, Shohei",660271,111.2,38.0
"Ohtani, Shohei",660271,108.9,35.0
"Ohtani, Shohei",660271,99.0,32.0
"Ohtani, Shohei",660271,102.2,33.0
"Ohtani, Shohei",660271,96.7,32.0
"Ohtani, Shohei",660271,105.1,35.0
"Ohtani, Shohei",660271,113.5,22.0
"Ohtani, Shohei",660271,111.9,21.0
"Ohtani, Shohei",660271,109.3,24.0
"Ohtani, Shohei",660271,107.0,36.0
"Ohtani, Shohei",660271,113.9,30.0
"Ohtani, Shohei",660271,107.4,37.0
"Ohtani, Shohei",660271,116.3,25.0
"Ohtani, Shohei",660271,118.7,29.0
"Ohtani, Shohei",660271,112.6,46.0
"Ohtani, Shohei",660271,116.7,28.0
"Ohtani, Shohei",660271,107.8,24.0
"Ohtani, Shohei",660271,109.9,23.0
"Ohtani, Shohei",660271,112.0,37.0
"Ohtani, Shohei",660271,109.7,35.0
"Ohtani, Shohei",660271,113.9,26.0
"Ohtani, Shohei",660271,93.8,31.0
"Ohtani, Shohei",660271,115.5,24.0
"Ohtani, Shohei",660271,113.1,27.0
"Ohtani, Shohei",660271,101.5,29.0
"Ohtani, Shohei",660271,113.0,30.0
"Ohtani, Shohei",660271,110.7,39.0
"Ohtani, Shohei",660271,114.3,27.0
"Ohtani, Shohei",660271,105.2,26.0
"Ohtani, Shohei",660271,114.2,23.0
"Ohtani, Shohei",660271,105.6,32.0
"Ohtani, Shohei",660271,103.0,34.0
"Ohtani, Shohei",660271,104.5,28.0
"Ohtani, Shohei",660271,113.4,29.0
"Ohtani, Shohei",660271,107.6,27.0
"Ohtani, Shohei",660271,104.3,31.0
"Ohtani, Shohei",660271,110.6,26.0
"Ohtani, Shohei",660271,103.4,34.0
"Ohtani, Shohei",660271,96.1,37.0
"Ohtani, Shohei",660271,118.7,25.0
"Ohtani, Shohei",660271,110.0,30.0
"Ohtani, Shohei",660271,107.3,25.0
"Ohtani, Shohei",660271,106.9,38.0
"Ohtani, Shohei",660271,105.2,32.0
"Ohtani, Shohei",660271,105.6,24.0
"Duran, Jarren",680776,109.3,22.0
"Duran, Jarren",680776,101.3,33.0
"Duran, Jarren",680776,108.2,28.0
"Duran, Jarren",680776,99.8,34.0
"Duran, Jarren",680776,102.0,24.0
"Duran, Jarren",680776,105.6,30.0
"Duran, Jarren",680776,104.6,29.0
"Duran, Jarren",680776,100.0,29.0
"Duran, Jarren",680776,104.4,24.0
"Duran, Jarren",680776,105.1,22.0
"Duran, Jarren",680776,107.5,25.0
"Duran, Jarren",680776,109.6,22.0
"Duran, Jarren",680776,105.4,27.0
"Duran, Jarren",680776,102.8,22.0
"Duran, Jarren",680776,101.7,25.0
"Duran, Jarren",680776,107.2,32.0
"Duran, Jarren",680776,112.2,20.0
"Duran, Jarren",680776,104.6,39.0
"Duran, Jarren",680776,110.9,24.0
"Duran, Jarren",680776,107.7,28.0
"Duran, Jarren",680776,105.2,23.0
"Altuve, Jose",514888,104.4,30.0
"Altuve, Jose",514888,101.0,25.0
"Altuve, Jose",514888,106.1,33.0
"Altuve, Jose",514888,98.8,29.0
"Altuve, Jose",514888,94.0,35.0
"Altuve, Jose",514888,98.9,31.0
"Altuve, Jose",514888,98.6,34.0
"Altuve, Jose",514888,107.4,25.0
"Altuve, Jose",514888,107.9,29.0
"Altuve, Jose",514888,101.9,34.0
"Altuve, Jose",514888,103.2,26.0
"Altuve, Jose",514888,105.1,35.0
"Altuve, Jose",514888,97.0,36.0
"Altuve, Jose",514888,106.3,40.0
"Altuve, Jose",514888,105.4,28.0
"Altuve, Jose",514888,103.1,37.0
"Altuve, Jose",514888,106.3,33.0
"Altuve, Jose",514888,105.4,27.0
"Altuve, Jose",514888,105.3,34.0
"Altuve, Jose",514888,99.7,44.0
"Ozuna, Marcell",542303,101.6,34.0
"Ozuna, Marcell",542303,108.5,38.0
"Ozuna, Marcell",542303,109.5,27.0
"Ozuna, Marcell",542303,107.7,29.0
"Ozuna, Marcell",542303,99.0,39.0
"Ozuna, Marcell",542303,114.8,21.0
"Ozuna, Marcell",542303,108.0,32.0
"Ozuna, Marcell",542303,103.7,30.0
"Ozuna, Marcell",542303,114.3,27.0
"Ozuna, Marcell",542303,106.8,27.0
"Ozuna, Marcell",542303,100.9,25.0
"Ozuna, Marcell",542303,107.9,29.0
"Ozuna, Marcell",542303,108.3,35.0
"Ozuna, Marcell",542303,110.6,35.0
"Ozuna, Marcell",542303,108.1,26.0
"Ozuna, Marcell",542303,111.1,22.0
"Ozuna, Marcell",542303,106.0,25.0
"Ozuna, Marcell",542303,107.0,27.0
"Ozuna, Marcell",542303,101.1,26.0
"Ozuna, Marcell",542303,105.8,31.0
"Ozuna, Marcell",542303,101.3,33.0
"Ozuna, Marcell",542303,104.8,31.0
"Ozuna, Marcell",542303,105.6,29.0
"Ozuna, Marcell",542303,106.7,27.0
"Ozuna, Marcell",542303,107.6,37.0
"Ozuna, Marcell",542303,107.2,23.0
"Ozuna, Marcell",542303,105.6,35.0
"Ozuna, Marcell",542303,107.1,33.0
"Ozuna, Marcell",542303,102.0,30.0
"Ozuna, Marcell",542303,104.3,30.0
"Ozuna, Marcell",542303,108.5,32.0
"Ozuna, Marcell",542303,112.0,26.0
"Ozuna, Marcell",542303,103.3,30.0
"Ozuna, Marcell",542303,114.6,24.0
"Ozuna, Marcell",542303,112.0,29.0
"Ozuna, Marcell",542303,107.0,39.0
"Ozuna, Marcell",542303,98.9,42.0
"Ozuna, Marcell",542303,103.2,25.0
"Ozuna, Marcell",542303,97.8,32.0
"Judge, Aaron",592450,110.9,42.0
"Judge, Aaron",592450,112.7,33.0
"Judge, Aaron",592450,110.4,33.0
"Judge, Aaron",592450,110.9,34.0
"Judge, Aaron",592450,107.2,34.0
"Judge, Aaron",592450,112.1,29.0
"Judge, Aaron",592450,101.9,29.0
"Judge, Aaron",592450,106.7,27.0
"Judge, Aaron",592450,103.3,38.0
"Judge, Aaron",592450,102.6,37.0
"Judge, Aaron",592450,104.6,32.0
"Judge, Aaron",592450,103.9,36.0
"Judge, Aaron",592450,102.5,33.0
"Judge, Aaron",592450,102.1,36.0
"Judge, Aaron",592450,110.0,29.0
"Judge, Aaron",592450,110.1,23.0
"Judge, Aaron",592450,108.4,37.0
"Judge, Aaron",592450,102.5,31.0
"Judge, Aaron",592450,117.5,28.0
"Judge, Aaron",592450,105.4,33.0
"Judge, Aaron",592450,105.0,35.0
"Judge, Aaron",592450,110.6,33.0
"Judge, Aaron",592450,114.4,26.0
"Judge, Aaron",592450,112.6,38.0
"Judge, Aaron",592450,112.9,37.0
"Judge, Aaron",592450,107.4,35.0
"Judge, Aaron",592450,112.5,25.0
"Judge, Aaron",592450,109.8,36.0
"Judge, Aaron",592450,112.3,25.0
"Judge, Aaron",592450,109.4,41.0
"Judge, Aaron",592450,101.5,26.0
"Judge, Aaron",592450,110.6,24.0
"Judge, Aaron",592450,114.2,45.0
"Judge, Aaron",592450,112.1,36.0
"Judge, Aaron",592450,107.6,36.0
"Judge, Aaron",592450,108.1,19.0
"Judge, Aaron",592450,105.2,35.0
"Judge, Aaron",592450,115.7,25.0
"Judge, Aaron",592450,112.3,32.0
"Judge, Aaron",592450,104.4,27.0
"Judge, Aaron",592450,110.0,34.0
"Judge, Aaron",592450,113.7,24.0
"Judge, Aaron",592450,104.9,26.0
"Judge, Aaron",592450,110.9,35.0
"Judge, Aaron",592450,103.5,36.0
"Judge, Aaron",592450,98.9,28.0
"Judge, Aaron",592450,114.4,28.0
"Judge, Aaron",592450,113.0,30.0
"Judge, Aaron",592450,106.7,33.0
"Judge, Aaron",592450,115.7,29.0
"Judge, Aaron",592450,106.4,33.0
"Judge, Aaron",592450,109.3,29.0
"Judge, Aaron",592450,115.9,20.0
"Judge, Aaron",592450,103.9,25.0
"Judge, Aaron",592450,103.2,27.0
"Judge, Aaron",592450,114.0,36.0
"Judge, Aaron",592450,109.7,29.0
"Judge, Aaron",592450,108.9,32.0
"Henderson, Gunnar",683002,106.7,22.0
"Henderson, Gunnar",683002,100.9,24.0
"Henderson, Gunnar",683002,108.3,20.0
"Henderson, Gunnar",683002,108.2,33.0
"Henderson, Gunnar",683002,103.4,23.0
"Henderson, Gunnar",683002,93.2,33.0
"Henderson, Gunnar",683002,110.8,20.0
"Henderson, Gunnar",683002,113.1,26.0
"Henderson, Gunnar",683002,104.7,19.0
"Henderson, Gunnar",683002,105.6,28.0
"Henderson, Gunnar",683002,104.4,24.0
"Henderson, Gunnar",683002,105.6,31.0
"Henderson, Gunnar",683002,106.9,19.0
"Henderson, Gunnar",683002,102.8,20.0
"Henderson, Gunnar",683002,110.4,24.0
"Henderson, Gunnar",683002,106.3,27.0
"Henderson, Gunnar",683002,106.2,28.0
"Henderson, Gunnar",683002,103.0,25.0
"Henderson, Gunnar",683002,109.1,24.0
"Henderson, Gunnar",683002,109.2,25.0
"Henderson, Gunnar",683002,103.9,26.0
"Henderson, Gunnar",683002,105.3,31.0
"Henderson, Gunnar",683002,106.0,30.0
"Henderson, Gunnar",683002,107.3,27.0
"Henderson, Gunnar",683002,101.3,26.0
"Henderson, Gunnar",683002,106.9,35.0
"Henderson, Gunnar",683002,101.6,36.0
"Henderson, Gunnar",683002,112.3,22.0
"Henderson, Gunnar",683002,97.2,35.0
"Henderson, Gunnar",683002,98.9,31.0
"Henderson, Gunnar",683002,109.4,31.0
"Henderson, Gunnar",683002,108.1,23.0
"Henderson, Gunnar",683002,103.8,23.0
"Henderson, Gunnar",683002,108.0,30.0
"Henderson, Gunnar",683002,104.7,27.0
"Henderson, Gunnar",683002,104.1,24.0
"Henderson, Gunnar",683002,106.6,29.0
"Henderson, Gunnar",683002,110.4,26.0
"Tovar, Ezequiel",678662,104.0,32.0
"Tovar, Ezequiel",678662,103.4,23.0
"Tovar, Ezequiel",678662,102.1,34.0
"Tovar, Ezequiel",678662,102.5,30.0
"Tovar, Ezequiel",678662,103.6,26.0
"Tovar, Ezequiel",678662,98.4,26.0
"Tovar, Ezequiel",678662,106.1,27.0
"Tovar, Ezequiel",678662,104.5,27.0
"Tovar, Ezequiel",678662,105.6,27.0
"Tovar, Ezequiel",678662,103.8,29.0
"Tovar, Ezequiel",678662,109.1,28.0
"Tovar, Ezequiel",678662,109.5,22.0
"Tovar, Ezequiel",678662,104.3,43.0
"Tovar, Ezequiel",678662,107.2,32.0
"Tovar, Ezequiel",678662,103.7,39.0
"Tovar, Ezequiel",678662,107.0,23.0
"Tovar, Ezequiel",678662,102.8,30.0
"Tovar, Ezequiel",678662,98.9,27.0
"Tovar, Ezequiel",678662,102.9,30.0
"Tovar, Ezequiel",678662,107.2,27.0
"Tovar, Ezequiel",678662,104.2,25.0
"Tovar, Ezequiel",678662,106.1,24.0
"Tovar, Ezequiel",678662,100.8,44.0
"Tovar, Ezequiel",678662,102.1,31.0
"Tovar, Ezequiel",678662,106.5,41.0
"Tovar, Ezequiel",678662,103.7,27.0
"Diaz, Yainer",673237,111.4,27.0
"Diaz, Yainer",673237,106.1,36.0
"Diaz, Yainer",673237,106.0,34.0
"Diaz, Yainer",673237,96.7,32.0
"Diaz, Yainer",673237,105.7,28.0
"Diaz, Yainer",673237,110.2,27.0
"Diaz, Yainer",673237,104.2,24.0
"Diaz, Yainer",673237,108.8,25.0
"Diaz, Yainer",673237,106.5,18.0
"Diaz, Yainer",673237,100.5,33.0
"Diaz, Yainer",673237,97.3,34.0
"Diaz, Yainer",673237,98.1,34.0
"Diaz, Yainer",673237,105.8,28.0
"Diaz, Yainer",673237,107.3,29.0
"Diaz, Yainer",673237,96.6,33.0
"Diaz, Yainer",673237,107.1,31.0
"Ramírez, José",608070,95.9,28.0
"Ramírez, José",608070,106.1,32.0
"Ramírez, José",608070,100.2,28.0
"Ramírez, José",608070,101.4,23.0
"Ramírez, José",608070,106.8,25.0
"Ramírez, José",608070,109.0,22.0
"Ramírez, José",608070,103.1,39.0
"Ramírez, José",608070,104.3,28.0
"Ramírez, José",608070,97.9,36.0
"Ramírez, José",608070,105.0,31.0
"Ramírez, José",608070,107.5,32.0
"Ramírez, José",608070,103.3,22.0
"Ramírez, José",608070,101.5,24.0
"Ramírez, José",608070,104.6,30.0
"Ramírez, José",608070,108.8,26.0
"Ramírez, José",608070,98.0,27.0
"Ramírez, José",608070,108.0,23.0
"Ramírez, José",608070,106.6,33.0
"Ramírez, José",608070,101.7,28.0
"Ramírez, José",608070,109.8,21.0
"Ramírez, José",608070,107.1,22.0
"Ramírez, José",608070,101.5,27.0
"Ramírez, José",608070,106.1,27.0
"Ramírez, José",608070,95.0,34.0
"Ramírez, José",608070,96.1,31.0
"Ramírez, José",608070,100.6,29.0
"Ramírez, José",608070,105.2,26.0
"Ramírez, José",608070,101.5,37.0
"Ramírez, José",608070,92.9,25.0
"Ramírez, José",608070,99.8,30.0
"Ramírez, José",608070,98.6,26.0
"Ramírez, José",608070,102.5,28.0
"Ramírez, José",608070,93.4,30.0
"Ramírez, José",608070,98.9,30.0
"Ramírez, José",608070,107.8,21.0
"Ramírez, José",608070,97.9,33.0
"Ramírez, José",608070,102.3,21.0
"Ramírez, José",608070,102.3,30.0
"Ramírez, José",608070,93.2,25.0
"Reynolds, Bryan",668804,105.3,23.0
"Reynolds, Bryan",668804,106.3,33.0
"Reynolds, Bryan",668804,105.2,24.0
"Reynolds, Bryan",668804,105.6,36.0
"Reynolds, Bryan",668804,105.1,25.0
"Reynolds, Bryan",668804,106.1,29.0
"Reynolds, Bryan",668804,105.3,23.0
"Reynolds, Bryan",668804,104.6,28.0
"Reynolds, Bryan",668804,105.8,27.0
"Reynolds, Bryan",668804,107.4,21.0
"Reynolds, Bryan",668804,107.8,28.0
"Reynolds, Bryan",668804,106.3,36.0
"Reynolds, Bryan",668804,90.4,39.0
"Reynolds, Bryan",668804,107.3,29.0
"Reynolds, Bryan",668804,101.1,33.0
"Reynolds, Bryan",668804,106.8,35.0
"Reynolds, Bryan",668804,109.3,27.0
"Reynolds, Bryan",668804,104.7,32.0
"Reynolds, Bryan",668804,100.1,30.0
"Reynolds, Bryan",668804,105.8,29.0
"Reynolds, Bryan",668804,109.1,27.0
"Reynolds, Bryan",668804,103.1,31.0
"Reynolds, Bryan",668804,108.4,34.0
"Reynolds, Bryan",668804,107.5,24.0
"Reynolds, Bryan",668804,109.6,24.0
"Alvarez, Yordan",670541,103.8,27.0
"Alvarez, Yordan",670541,112.1,19.0
"Alvarez, Yordan",670541,108.1,21.0
"Alvarez, Yordan",670541,108.9,35.0
"Alvarez, Yordan",670541,110.8,21.0
"Alvarez, Yordan",670541,101.8,38.0
"Alvarez, Yordan",670541,105.6,27.0
"Alvarez, Yordan",670541,95.3,37.0
"Alvarez, Yordan",670541,109.4,18.0
"Alvarez, Yordan",670541,107.8,23.0
"Alvarez, Yordan",670541,110.0,25.0
"Alvarez, Yordan",670541,106.2,40.0
"Alvarez, Yordan",670541,103.5,26.0
"Alvarez, Yordan",670541,117.0,18.0
"Alvarez, Yordan",670541,112.0,32.0
"Alvarez, Yordan",670541,111.7,32.0
"Alvarez, Yordan",670541,109.6,24.0
"Alvarez, Yordan",670541,104.4,30.0
"Alvarez, Yordan",670541,106.7,27.0
"Alvarez, Yordan",670541,106.7,29.0
"Alvarez, Yordan",670541,109.6,32.0
"Alvarez, Yordan",670541,106.3,25.0
"Alvarez, Yordan",670541,98.1,33.0
"Alvarez, Yordan",670541,98.3,34.0
"Alvarez, Yordan",670541,113.8,19.0
"Alvarez, Yordan",670541,109.5,25.0
"Alvarez, Yordan",670541,94.8,34.0
"Alvarez, Yordan",670541,116.8,23.0
"Alvarez, Yordan",670541,108.8,25.0
"Alvarez, Yordan",670541,113.0,22.0
"Alvarez, Yordan",670541,97.6,30.0
"Alvarez, Yordan",670541,112.9,33.0
"Alvarez, Yordan",670541,108.6,24.0
"Alvarez, Yordan",670541,108.2,26.0
"Alvarez, Yordan",670541,109.5,27.0
"Lindor, Francisco",596019,107.2,35.0
"Lindor, Francisco",596019,101.5,37.0
"Lindor, Francisco",596019,107.8,26.0
"Lindor, Francisco",596019,104.8,39.0
"Lindor, Francisco",596019,100.8,33.0
"Lindor, Francisco",596019,103.6,29.0
"Lindor, Francisco",596019,108.1,31.0
"Lindor, Francisco",596019,108.9,21.0
"Lindor, Francisco",596019,104.5,25.0
"Lindor, Francisco",596019,104.4,25.0
"Lindor, Francisco",596019,104.2,31.0
"Lindor, Francisco",596019,105.4,21.0
"Lindor, Francisco",596019,106.5,29.0
"Lindor, Francisco",596019,107.9,25.0
"Lindor, Francisco",596019,104.8,26.0
"Lindor, Francisco",596019,102.7,27.0
"Lindor, Francisco",596019,106.9,29.0
"Lindor, Francisco",596019,105.1,24.0
"Lindor, Francisco",596019,107.0,22.0
"Lindor, Francisco",596019,100.5,31.0
"Lindor, Francisco",596019,101.4,24.0
"Lindor, Francisco",596019,104.9,31.0
"Lindor, Francisco",596019,107.6,23.0
"Lindor, Francisco",596019,109.3,23.0
"Lindor, Francisco",596019,105.7,26.0
"Lindor, Francisco",596019,103.4,37.0
"Lindor, Francisco",596019,107.1,34.0
"Lindor, Francisco",596019,102.1,25.0
"Lindor, Francisco",596019,102.5,30.0
"Lindor, Francisco",596019,102.6,34.0
"Lindor, Francisco",596019,105.8,29.0
"Lindor, Francisco",596019,104.2,25.0
"Lindor, Francisco",596019,103.4,28.0
"Contreras, William",661388,104.3,31.0
"Contreras, William",661388,109.0,24.0
"Contreras, William",661388,103.5,26.0
"Contreras, William",661388,108.0,24.0
"Contreras, William",661388,107.6,25.0
"Contreras, William",661388,112.3,23.0
"Contreras, William",661388,110.0,21.0
"Contreras, William",661388,104.5,30.0
"Contreras, William",661388,109.5,38.0
"Contreras, William",661388,109.9,21.0
"Contreras, William",661388,105.8,33.0
"Contreras, William",661388,108.0,26.0
"Contreras, William",661388,105.4,27.0
"Contreras, William",661388,104.9,22.0
"Contreras, William",661388,108.3,32.0
"Contreras, William",661388,111.8,22.0
"Contreras, William",661388,109.3,22.0
"Contreras, William",661388,102.2,33.0
"Contreras, William",661388,114.4,25.0
"Contreras, William",661388,106.1,29.0
"Contreras, William",661388,103.4,34.0
"Contreras, William",661388,104.2,24.0
"Contreras, William",661388,105.0,25.0
"Soto, Juan",665742,109.4,25.0
"Soto, Juan",665742,110.1,22.0
"Soto, Juan",665742,102.7,32.0
"Soto, Juan",665742,102.7,25.0
"Soto, Juan",665742,102.7,29.0
"Soto, Juan",665742,112.4,30.0
"Soto, Juan",665742,97.5,24.0
"Soto, Juan",665742,104.2,37.0
"Soto, Juan",665742,110.4,25.0
"Soto, Juan",665742,103.9,32.0
"Soto, Juan",665742,105.1,32.0
"Soto, Juan",665742,110.1,35.0
"Soto, Juan",665742,106.6,28.0
"Soto, Juan",665742,109.3,23.0
"Soto, Juan",665742,105.8,36.0
"Soto, Juan",665742,110.9,30.0
"Soto, Juan",665742,114.9,19.0
"Soto, Juan",665742,112.1,35.0
"Soto, Juan",665742,112.6,20.0
"Soto, Juan",665742,108.4,26.0
"Soto, Juan",665742,110.5,29.0
"Soto, Juan",665742,104.5,32.0
"Soto, Juan",665742,109.9,22.0
"Soto, Juan",665742,105.1,29.0
"Soto, Juan",665742,108.2,26.0
"Soto, Juan",665742,108.7,26.0
"Soto, Juan",665742,113.1,31.0
"Soto, Juan",665742,107.9,28.0
"Soto, Juan",665742,107.2,25.0
"Soto, Juan",665742,107.6,27.0
"Soto, Juan",665742,110.2,31.0
"Soto, Juan",665742,112.5,24.0
"Soto, Juan",665742,113.4,26.0
"Soto, Juan",665742,112.6,31.0
"Soto, Juan",665742,103.9,24.0
"Soto, Juan",665742,110.1,28.0
"Soto, Juan",665742,110.9,29.0
"Soto, Juan",665742,98.6,31.0
"Soto, Juan",665742,104.4,28.0
"Soto, Juan",665742,107.7,42.0
"Soto, Juan",665742,102.0,24.0
"Donovan, Brendan",680977,101.8,27.0
"Donovan, Brendan",680977,103.0,28.0
"Donovan, Brendan",680977,105.1,25.0
"Donovan, Brendan",680977,89.1,30.0
"Donovan, Brendan",680977,102.9,29.0
"Donovan, Brendan",680977,105.5,25.0
"Donovan, Brendan",680977,107.4,27.0
"Donovan, Brendan",680977,98.3,25.0
"Donovan, Brendan",680977,98.4,37.0
"Donovan, Brendan",680977,103.6,34.0
"Donovan, Brendan",680977,104.1,26.0
"Donovan, Brendan",680977,93.7,30.0
"Donovan, Brendan",680977,104.6,22.0
"Machado, Manny",592518,109.7,19.0
"Machado, Manny",592518,95.7,30.0
"Machado, Manny",592518,102.9,31.0
"Machado, Manny",592518,108.8,21.0
"Machado, Manny",592518,110.5,23.0
"Machado, Manny",592518,99.9,24.0
"Machado, Manny",592518,105.3,24.0
"Machado, Manny",592518,108.5,19.0
"Machado, Manny",592518,103.7,27.0
"Machado, Manny",592518,107.7,25.0
"Machado, Manny",592518,97.5,39.0
"Machado, Manny",592518,107.1,21.0
"Machado, Manny",592518,105.3,19.0
"Machado, Manny",592518,108.3,21.0
"Machado, Manny",592518,108.3,29.0
"Machado, Manny",592518,108.7,24.0
"Machado, Manny",592518,103.8,27.0
"Machado, Manny",592518,102.3,29.0
"Machado, Manny",592518,106.0,21.0
"Machado, Manny",592518,104.8,26.0
"Machado, Manny",592518,106.6,35.0
"Machado, Manny",592518,104.1,38.0
"Machado, Manny",592518,99.3,35.0
"Machado, Manny",592518,112.9,23.0
"Machado, Manny",592518,111.7,17.0
"Machado, Manny",592518,104.5,26.0
"Machado, Manny",592518,102.7,22.0
"Machado, Manny",592518,104.1,27.0
"Machado, Manny",592518,107.7,25.0
"Merrill, Jackson",701538,106.0,30.0
"Merrill, Jackson",701538,101.3,29.0
"Merrill, Jackson",701538,101.8,31.0
"Merrill, Jackson",701538,106.3,31.0
"Merrill, Jackson",701538,107.9,21.0
"Merrill, Jackson",701538,104.4,28.0
"Merrill, Jackson",701538,106.4,40.0
"Merrill, Jackson",701538,103.7,26.0
"Merrill, Jackson",701538,102.8,34.0
"Merrill, Jackson",701538,107.3,27.0
"Merrill, Jackson",701538,106.2,35.0
"Merrill, Jackson",701538,102.5,34.0
"Merrill, Jackson",701538,106.4,30.0
"Merrill, Jackson",701538,105.2,23.0
"Merrill, Jackson",701538,105.9,28.0
"Merrill, Jackson",701538,93.9,35.0
"Merrill, Jackson",701538,99.6,29.0
"Merrill, Jackson",701538,106.1,22.0
"Merrill, Jackson",701538,101.8,30.0
"Merrill, Jackson",701538,108.0,29.0
"Merrill, Jackson",701538,99.6,30.0
"Merrill, Jackson",701538,104.9,32.0
"Merrill, Jackson",701538,101.0,26.0
"Merrill, Jackson",701538,104.8,25.0
"Rooker, Brent",667670,109.3,20.0
"Rooker, Brent",667670,99.5,31.0
"Rooker, Brent",667670,108.5,36.0
"Rooker, Brent",667670,109.5,33.0
"Rooker, Brent",667670,99.5,28.0
"Rooker, Brent",667670,107.4,34.0
"Rooker, Brent",667670,104.4,35.0
"Rooker, Brent",667670,103.6,30.0
"Rooker, Brent",667670,109.1,31.0
"Rooker, Brent",667670,104.3,33.0
"Rooker, Brent",667670,106.5,40.0
"Rooker, Brent",667670,108.7,27.0
"Rooker, Brent",667670,108.2,34.0
"Rooker, Brent",667670,105.0,33.0
"Rooker, Brent",667670,108.1,22.0
"Rooker, Brent",667670,111.0,31.0
"Rooker, Brent",667670,110.1,21.0
"Rooker, Brent",667670,108.1,32.0
"Rooker, Brent",667670,108.7,29.0
"Rooker, Brent",667670,105.1,30.0
"Rooker, Brent",667670,104.2,31.0
"Rooker, Brent",667670,102.6,28.0
"Rooker, Brent",667670,110.4,22.0
"Rooker, Brent",667670,108.7,34.0
"Rooker, Brent",667670,110.0,24.0
"Rooker, Brent",667670,107.2,29.0
"Rooker, Brent",667670,110.0,24.0
"Rooker, Brent",667670,111.4,29.0
"Rooker, Brent",667670,111.7,27.0
"Rooker, Brent",667670,113.4,28.0
"Rooker, Brent",667670,108.4,27.0
"Rooker, Brent",667670,110.6,34.0
"Rooker, Brent",667670,110.5,22.0
"Rooker, Brent",667670,108.3,26.0
"Rooker, Brent",667670,111.2,22.0
"Rooker, Brent",667670,103.2,23.0
"Rooker, Brent",667670,109.7,34.0
"Rooker, Brent",667670,107.3,27.0
"Rooker, Brent",667670,95.8,33.0
"De La Cruz, Elly",682829,107.2,33.0
"De La Cruz, Elly",682829,107.3,26.0
"De La Cruz, Elly",682829,111.1,30.0
"De La Cruz, Elly",682829,101.4,32.0
"De La Cruz, Elly",682829,102.2,27.0
"De La Cruz, Elly",682829,108.1,29.0
"De La Cruz, Elly",682829,109.0,23.0
"De La Cruz, Elly",682829,105.6,26.0
"De La Cruz, Elly",682829,102.4,31.0
"De La Cruz, Elly",682829,109.5,30.0
"De La Cruz, Elly",682829,114.1,21.0
"De La Cruz, Elly",682829,112.2,33.0
"De La Cruz, Elly",682829,104.3,35.0
"De La Cruz, Elly",682829,112.7,22.0
"De La Cruz, Elly",682829,114.7,22.0
"De La Cruz, Elly",682829,109.2,24.0
"De La Cruz, Elly",682829,107.5,36.0
"De La Cruz, Elly",682829,113.4,24.0
"De La Cruz, Elly",682829,109.9,33.0
"De La Cruz, Elly",682829,104.3,25.0
"De La Cruz, Elly",682829,103.8,25.0
"De La Cruz, Elly",682829,110.8,27.0
"De La Cruz, Elly",682829,110.4,21.0
"De La Cruz, Elly",682829,112.3,28.0
"De La Cruz, Elly",682829,86.5,21.0
"Perez, Salvador",521692,110.6,33.0
"Perez, Salvador",521692,110.5,23.0
"Perez, Salvador",521692,104.2,33.0
"Perez, Salvador",521692,108.2,27.0
"Perez, Salvador",521692,108.7,31.0
"Perez, Salvador",521692,108.1,26.0
"Perez, Salvador",521692,105.0,33.0
"Perez, Salvador",521692,113.0,23.0
"Perez, Salvador",521692,109.9,24.0
"Perez, Salvador",521692,107.1,25.0
"Perez, Salvador",521692,110.4,23.0
"Perez, Salvador",521692,109.4,22.0
"Perez, Salvador",521692,110.8,35.0
"Perez, Salvador",521692,102.8,24.0
"Perez, Salvador",521692,106.7,27.0
"Perez, Salvador",521692,99.1,29.0
"Perez, Salvador",521692,113.3,31.0
"Perez, Salvador",521692,110.7,28.0
"Perez, Salvador",521692,109.1,25.0
"Perez, Salvador",521692,101.1,28.0
"Perez, Salvador",521692,109.4,22.0
"Perez, Salvador",521692,103.7,33.0
"Perez, Salvador",521692,105.2,27.0
"Perez, Salvador",521692,102.7,34.0
"Perez, Salvador",521692,108.4,24.0
"Perez, Salvador",521692,107.9,25.0
"Perez, Salvador",521692,98.7,31.0
"Peña, Jeremy",665161,105.7,25.0
"Peña, Jeremy",665161,105.8,23.0
"Peña, Jeremy",665161,109.5,23.0
"Peña, Jeremy",665161,101.8,35.0
"Peña, Jeremy",665161,104.0,26.0
"Peña, Jeremy",665161,101.4,35.0
"Peña, Jeremy",665161,106.2,22.0
"Peña, Jeremy",665161,105.4,24.0
"Peña, Jeremy",665161,99.8,32.0
"Peña, Jeremy",665161,104.0,23.0
"Peña, Jeremy",665161,98.2,24.0
"Peña, Jeremy",665161,96.4,30.0
"Peña, Jeremy",665161,100.1,30.0
"Peña, Jeremy",665161,103.4,24.0
"Peña, Jeremy",665161,102.2,33.0
"Hernández, Teoscar",606192,108.0,23.0
"Hernández, Teoscar",606192,106.2,32.0
"Hernández, Teoscar",606192,108.5,24.0
"Hernández, Teoscar",606192,114.1,26.0
"Hernández, Teoscar",606192,105.4,24.0
"Hernández, Teoscar",606192,113.3,23.0
"Hernández, Teoscar",606192,102.7,31.0
"Hernández, Teoscar",606192,108.8,28.0
"Hernández, Teoscar",606192,109.6,28.0
"Hernández, Teoscar",606192,112.9,21.0
"Hernández, Teoscar",606192,99.6,32.0
"Hernández, Teoscar",606192,109.3,22.0
"Hernández, Teoscar",606192,106.3,30.0
"Hernández, Teoscar",606192,101.4,33.0
"Hernández, Teoscar",606192,104.4,36.0
"Hernández, Teoscar",606192,106.3,24.0
"Hernández, Teoscar",606192,103.8,30.0
"Hernández, Teoscar",606192,102.3,29.0
"Hernández, Teoscar",606192,104.7,31.0
"Hernández, Teoscar",606192,107.4,29.0
"Hernández, Teoscar",606192,103.5,32.0
"Hernández, Teoscar",606192,100.5,33.0
"Hernández, Teoscar",606192,105.5,23.0
"Hernández, Teoscar",606192,104.6,39.0
"Hernández, Teoscar",606192,108.0,29.0
"Hernández, Teoscar",606192,106.0,29.0
"Hernández, Teoscar",606192,103.7,31.0
"Hernández, Teoscar",606192,106.0,30.0
"Hernández, Teoscar",606192,106.6,24.0
"Hernández, Teoscar",606192,107.4,28.0
"Hernández, Teoscar",606192,106.2,20.0
"Hernández, Teoscar",606192,96.7,34.0
"Hernández, Teoscar",606192,100.3,27.0
"Hoerner, Nico",663538,93.8,35.0
"Hoerner, Nico",663538,97.0,35.0
"Hoerner, Nico",663538,103.7,22.0
"Hoerner, Nico",663538,99.4,38.0
"Hoerner, Nico",663538,97.9,26.0
"Hoerner, Nico",663538,99.5,24.0
"Hoerner, Nico",663538,99.3,30.0
"Díaz, Yandy",650490,107.4,25.0
"Díaz, Yandy",650490,106.0,21.0
"Díaz, Yandy",650490,104.6,33.0
"Díaz, Yandy",650490,106.5,20.0
"Díaz, Yandy",650490,98.4,23.0
"Díaz, Yandy",650490,103.3,28.0
"Díaz, Yandy",650490,99.0,25.0
"Díaz, Yandy",650490,107.3,31.0
"Díaz, Yandy",650490,98.4,32.0
"Díaz, Yandy",650490,111.8,19.0
"Díaz, Yandy",650490,107.8,23.0
"Díaz, Yandy",650490,102.2,28.0
"Díaz, Yandy",650490,100.4,28.0
"Díaz, Yandy",650490,107.2,19.0
"Díaz, Yandy",650490,110.4,23.0
"Díaz, Yandy",650490,103.2,26.0
"Profar, Jurickson",595777,98.2,29.0
"Profar, Jurickson",595777,103.8,25.0
"Profar, Jurickson",595777,105.8,35.0
"Profar, Jurickson",595777,106.2,21.0
"Profar, Jurickson",595777,98.1,24.0
"Profar, Jurickson",595777,101.0,34.0
"Profar, Jurickson",595777,103.3,26.0
"Profar, Jurickson",595777,106.0,24.0
"Profar, Jurickson",595777,105.5,26.0
"Profar, Jurickson",595777,108.3,22.0
"Profar, Jurickson",595777,108.3,20.0
"Profar, Jurickson",595777,104.4,36.0
"Profar, Jurickson",595777,107.9,22.0
"Profar, Jurickson",595777,107.3,21.0
"Profar, Jurickson",595777,102.5,26.0
"Profar, Jurickson",595777,100.7,26.0
"Profar, Jurickson",595777,107.0,25.0
"Profar, Jurickson",595777,107.3,27.0
"Profar, Jurickson",595777,103.4,21.0
"Profar, Jurickson",595777,102.0,24.0
"Profar, Jurickson",595777,101.1,34.0
"Profar, Jurickson",595777,101.0,29.0
"Profar, Jurickson",595777,101.5,39.0
"Profar, Jurickson",595777,105.8,43.0
"Winn, Masyn",691026,97.8,25.0
"Winn, Masyn",691026,98.0,26.0
"Winn, Masyn",691026,102.7,26.0
"Winn, Masyn",691026,99.5,35.0
"Winn, Masyn",691026,105.1,26.0
"Winn, Masyn",691026,108.8,22.0
"Winn, Masyn",691026,100.5,30.0
"Winn, Masyn",691026,102.4,20.0
"Winn, Masyn",691026,103.7,25.0
"Winn, Masyn",691026,107.7,23.0
"Winn, Masyn",691026,103.6,26.0
"Winn, Masyn",691026,103.9,23.0
"Winn, Masyn",691026,97.8,24.0
"Winn, Masyn",691026,99.8,21.0
"Winn, Masyn",691026,102.8,28.0
"Arenado, Nolan",571448,102.8,24.0
"Arenado, Nolan",571448,103.9,20.0
"Arenado, Nolan",571448,101.5,22.0
"Arenado, Nolan",571448,103.5,26.0
"Arenado, Nolan",571448,103.6,28.0
"Arenado, Nolan",571448,99.9,46.0
"Arenado, Nolan",571448,102.7,26.0
"Arenado, Nolan",571448,93.4,34.0
"Arenado, Nolan",571448,101.1,24.0
"Arenado, Nolan",571448,105.5,22.0
"Arenado, Nolan",571448,98.4,28.0
"Arenado, Nolan",571448,92.6,30.0
"Arenado, Nolan",571448,107.5,21.0
"Arenado, Nolan",571448,100.2,36.0
"Arenado, Nolan",571448,103.4,29.0
"Arenado, Nolan",571448,104.0,34.0
"Harper, Bryce",547180,109.4,19.0
"Harper, Bryce",547180,104.0,36.0
"Harper, Bryce",547180,101.9,27.0
"Harper, Bryce",547180,106.1,24.0
"Harper, Bryce",547180,101.5,28.0
"Harper, Bryce",547180,100.7,28.0
"Harper, Bryce",547180,98.3,35.0
"Harper, Bryce",547180,113.8,27.0
"Harper, Bryce",547180,108.7,32.0
"Harper, Bryce",547180,101.0,29.0
"Harper, Bryce",547180,97.3,28.0
"Harper, Bryce",547180,108.4,23.0
"Harper, Bryce",547180,107.3,35.0
"Harper, Bryce",547180,103.6,30.0
"Harper, Bryce",547180,103.1,31.0
"Harper, Bryce",547180,107.2,36.0
"Harper, Bryce",547180,109.2,28.0
"Harper, Bryce",547180,98.7,43.0
"Harper, Bryce",547180,99.5,34.0
"Harper, Bryce",547180,109.0,25.0
"Harper, Bryce",547180,103.2,23.0
"Harper, Bryce",547180,95.4,38.0
"Harper, Bryce",547180,101.3,29.0
"Harper, Bryce",547180,107.0,32.0
"Harper, Bryce",547180,106.6,33.0
"Harper, Bryce",547180,101.4,25.0
"Harper, Bryce",547180,104.0,24.0
"Harper, Bryce",547180,103.3,19.0
"Harper, Bryce",547180,108.3,24.0
"Harper, Bryce",547180,107.7,29.0
"Bohm, Alec",664761,98.6,30.0
"Bohm, Alec",664761,102.0,20.0
"Bohm, Alec",664761,103.7,27.0
"Bohm, Alec",664761,104.2,35.0
"Bohm, Alec",664761,103.7,29.0
"Bohm, Alec",664761,106.8,19.0
"Bohm, Alec",664761,103.7,22.0
"Bohm, Alec",664761,102.7,24.0
"Bohm, Alec",664761,95.2,38.0
"Bohm, Alec",664761,104.9,24.0
"Bohm, Alec",664761,105.0,32.0
"Bohm, Alec",664761,106.1,24.0
"Bohm, Alec",664761,103.6,26.0
"Bohm, Alec",664761,98.0,33.0
"Bohm, Alec",664761,101.9,30.0
"Volpe, Anthony",683011,107.3,25.0
"Volpe, Anthony",683011,100.4,40.0
"Volpe, Anthony",683011,101.4,28.0
"Volpe, Anthony",683011,96.8,31.0
"Volpe, Anthony",683011,103.2,33.0
"Volpe, Anthony",683011,100.1,29.0
"Volpe, Anthony",683011,99.8,24.0
"Volpe, Anthony",683011,98.2,43.0
"Volpe, Anthony",683011,99.6,37.0
"Volpe, Anthony",683011,105.9,24.0
"Volpe, Anthony",683011,102.2,28.0
"Volpe, Anthony",683011,96.9,32.0
"Volpe, Anthony",683011,101.9,22.0
"Rodríguez, Julio",677594,105.6,23.0
"Rodríguez, Julio",677594,102.6,26.0
"Rodríguez, Julio",677594,103.7,31.0
"Rodríguez, Julio",677594,107.0,34.0
"Rodríguez, Julio",677594,110.8,24.0
"Rodríguez, Julio",677594,111.7,31.0
"Rodríguez, Julio",677594,111.1,27.0
"Rodríguez, Julio",677594,101.6,23.0
"Rodríguez, Julio",677594,95.0,33.0
"Rodríguez, Julio",677594,98.6,34.0
"Rodríguez, Julio",677594,106.3,21.0
"Rodríguez, Julio",677594,108.8,27.0
"Rodríguez, Julio",677594,108.6,25.0
"Rodríguez, Julio",677594,106.4,29.0
"Rodríguez, Julio",677594,109.3,28.0
"Rodríguez, Julio",677594,103.3,31.0
"Rodríguez, Julio",677594,108.8,22.0
"Rodríguez, Julio",677594,106.9,28.0
"Rodríguez, Julio",677594,109.0,22.0
"Rodríguez, Julio",677594,110.5,33.0
"Rodríguez, Julio",677594,100.9,26.0
"Castellanos, Nick",592206,104.8,25.0
"Castellanos, Nick",592206,97.3,26.0
"Castellanos, Nick",592206,105.3,30.0
"Castellanos, Nick",592206,95.8,26.0
"Castellanos, Nick",592206,107.4,26.0
"Castellanos, Nick",592206,105.7,22.0
"Castellanos, Nick",592206,106.4,24.0
"Castellanos, Nick",592206,98.6,33.0
"Castellanos, Nick",592206,100.4,27.0
"Castellanos, Nick",592206,104.3,34.0
"Castellanos, Nick",592206,101.9,29.0
"Castellanos, Nick",592206,108.4,25.0
"Castellanos, Nick",592206,106.2,35.0
"Castellanos, Nick",592206,100.8,28.0
"Castellanos, Nick",592206,113.1,33.0
"Castellanos, Nick",592206,103.1,25.0
"Castellanos, Nick",592206,95.9,36.0
"Castellanos, Nick",592206,108.1,30.0
"Castellanos, Nick",592206,96.5,31.0
"Castellanos, Nick",592206,103.0,33.0
"Castellanos, Nick",592206,104.4,28.0
"Castellanos, Nick",592206,102.0,29.0
"Castellanos, Nick",592206,99.1,31.0
"Semien, Marcus",543760,101.7,32.0
"Semien, Marcus",543760,94.3,39.0
"Semien, Marcus",543760,98.9,28.0
"Semien, Marcus",543760,103.6,35.0
"Semien, Marcus",543760,103.5,23.0
"Semien, Marcus",543760,96.6,29.0
"Semien, Marcus",543760,106.7,26.0
"Semien, Marcus",543760,101.7,27.0
"Semien, Marcus",543760,99.3,29.0
"Semien, Marcus",543760,104.4,22.0
"Semien, Marcus",543760,102.3,25.0
"Semien, Marcus",543760,105.3,26.0
"Semien, Marcus",543760,100.3,42.0
"Semien, Marcus",543760,100.7,26.0
"Semien, Marcus",543760,97.9,40.0
"Semien, Marcus",543760,98.5,34.0
"Semien, Marcus",543760,112.1,25.0
"Semien, Marcus",543760,107.0,20.0
"Semien, Marcus",543760,105.6,26.0
"Semien, Marcus",543760,106.2,28.0
"Semien, Marcus",543760,100.6,29.0
"Semien, Marcus",543760,97.1,34.0
"Semien, Marcus",543760,101.9,32.0
"Freeman, Freddie",518692,99.2,35.0
"Freeman, Freddie",518692,97.2,31.0
"Freeman, Freddie",518692,108.4,27.0
"Freeman, Freddie",518692,109.8,29.0
"Freeman, Freddie",518692,101.8,29.0
"Freeman, Freddie",518692,110.0,23.0
"Freeman, Freddie",518692,109.0,26.0
"Freeman, Freddie",518692,105.5,23.0
"Freeman, Freddie",518692,100.9,24.0
"Freeman, Freddie",518692,106.4,31.0
"Freeman, Freddie",518692,98.2,29.0
"Freeman, Freddie",518692,106.7,27.0
"Freeman, Freddie",518692,108.3,40.0
"Freeman, Freddie",518692,102.4,27.0
"Freeman, Freddie",518692,109.7,25.0
"Freeman, Freddie",518692,104.1,34.0
"Freeman, Freddie",518692,109.0,25.0
"Freeman, Freddie",518692,104.9,34.0
"Freeman, Freddie",518692,96.3,31.0
"Freeman, Freddie",518692,101.4,32.0
"Freeman, Freddie",518692,106.3,25.0
"Freeman, Freddie",518692,101.7,33.0
"Freeman, Freddie",518692,106.3,28.0
"Adames, Willy",642715,100.5,25.0
"Adames, Willy",642715,104.0,25.0
"Adames, Willy",642715,102.7,29.0
"Adames, Willy",642715,104.8,40.0
"Adames, Willy",642715,106.3,38.0
"Adames, Willy",642715,103.6,28.0
"Adames, Willy",642715,100.3,32.0
"Adames, Willy",642715,100.7,30.0
"Adames, Willy",642715,110.8,26.0
"Adames, Willy",642715,104.0,42.0
"Adames, Willy",642715,106.2,29.0
"Adames, Willy",642715,104.2,31.0
"Adames, Willy",642715,100.6,37.0
"Adames, Willy",642715,102.3,27.0
"Adames, Willy",642715,102.4,31.0
"Adames, Willy",642715,104.6,35.0
"Adames, Willy",642715,104.6,33.0
"Adames, Willy",642715,104.5,27.0
"Adames, Willy",642715,98.8,28.0
"Adames, Willy",642715,106.9,25.0
"Adames, Willy",642715,104.5,27.0
"Adames, Willy",642715,105.9,31.0
"Adames, Willy",642715,105.6,27.0
"Adames, Willy",642715,104.9,24.0
"Adames, Willy",642715,107.1,26.0
"Adames, Willy",642715,104.3,23.0
"Adames, Willy",642715,103.9,31.0
"Adames, Willy",642715,103.1,29.0
"Adames, Willy",642715,102.7,36.0
"Adames, Willy",642715,105.9,28.0
"Adames, Willy",642715,100.5,39.0
"Adames, Willy",642715,99.8,27.0
"Torres, Gleyber",650402,102.5,32.0
"Torres, Gleyber",650402,100.2,23.0
"Torres, Gleyber",650402,100.4,27.0
"Torres, Gleyber",650402,101.2,25.0
"Torres, Gleyber",650402,100.7,22.0
"Torres, Gleyber",650402,103.6,28.0
"Torres, Gleyber",650402,100.4,24.0
"Torres, Gleyber",650402,98.4,31.0
"Torres, Gleyber",650402,97.6,29.0
"Torres, Gleyber",650402,105.5,32.0
"Torres, Gleyber",650402,95.9,32.0
"Torres, Gleyber",650402,108.7,20.0
"Torres, Gleyber",650402,103.9,32.0
"Torres, Gleyber",650402,102.8,34.0
"Torres, Gleyber",650402,100.9,31.0
"Bregman, Alex",608324,105.1,28.0
"Bregman, Alex",608324,102.0,27.0
"Bregman, Alex",608324,105.0,26.0
"Bregman, Alex",608324,99.6,34.0
"Bregman, Alex",608324,97.7,23.0
"Bregman, Alex",608324,100.6,32.0
"Bregman, Alex",608324,109.1,19.0
"Bregman, Alex",608324,102.2,23.0
"Bregman, Alex",608324,97.1,36.0
"Bregman, Alex",608324,105.9,28.0
"Bregman, Alex",608324,105.3,29.0
"Bregman, Alex",608324,106.2,21.0
"Bregman, Alex",608324,101.9,33.0
"Bregman, Alex",608324,105.2,26.0
"Bregman, Alex",608324,100.2,35.0
"Bregman, Alex",608324,98.9,36.0
"Bregman, Alex",608324,102.5,31.0
"Bregman, Alex",608324,105.8,27.0
"Bregman, Alex",608324,102.0,29.0
"Bregman, Alex",608324,96.2,36.0
"Bregman, Alex",608324,102.8,20.0
"Bregman, Alex",608324,94.6,34.0
"Bregman, Alex",608324,101.4,24.0
"Bregman, Alex",608324,98.3,30.0
"Bregman, Alex",608324,104.4,23.0
"Bregman, Alex",608324,106.5,24.0
"Bregman, Alex",608324,99.3,30.0
"Bregman, Alex",608324,101.7,23.0
"Turner, Trea",607208,100.4,25.0
"Turner, Trea",607208,110.2,20.0
"Turner, Trea",607208,106.6,27.0
"Turner, Trea",607208,101.8,35.0
"Turner, Trea",607208,100.2,32.0
"Turner, Trea",607208,104.4,24.0
"Turner, Trea",607208,102.7,36.0
"Turner, Trea",607208,103.9,33.0
"Turner, Trea",607208,105.8,35.0
"Turner, Trea",607208,101.6,31.0
"Turner, Trea",607208,95.2,26.0
"Turner, Trea",607208,104.0,23.0
"Turner, Trea",607208,100.5,32.0
"Turner, Trea",607208,92.7,37.0
"Turner, Trea",607208,108.4,29.0
"Turner, Trea",607208,102.2,32.0
"Turner, Trea",607208,107.3,27.0
"Turner, Trea",607208,108.5,20.0
"Turner, Trea",607208,110.6,24.0
"Turner, Trea",607208,106.7,26.0
"Turner, Trea",607208,108.3,25.0
"Olson, Matt",621566,105.2,24.0
"Olson, Matt",621566,106.7,19.0
"Olson, Matt",621566,103.1,31.0
"Olson, Matt",621566,103.3,41.0
"Olson, Matt",621566,110.0,21.0
"Olson, Matt",621566,106.7,27.0
"Olson, Matt",621566,102.6,29.0
"Olson, Matt",621566,108.5,26.0
"Olson, Matt",621566,101.1,29.0
"Olson, Matt",621566,109.3,41.0
"Olson, Matt",621566,111.0,23.0
"Olson, Matt",621566,101.5,36.0
"Olson, Matt",621566,101.7,23.0
"Olson, Matt",621566,103.0,30.0
"Olson, Matt",621566,109.2,30.0
"Olson, Matt",621566,105.4,19.0
"Olson, Matt",621566,108.4,22.0
"Olson, Matt",621566,95.9,28.0
"Olson, Matt",621566,109.1,22.0
"Olson, Matt",621566,110.3,24.0
"Olson, Matt",621566,95.6,30.0
"Olson, Matt",621566,107.8,36.0
"Olson, Matt",621566,105.1,25.0
"Olson, Matt",621566,113.4,27.0
"Olson, Matt",621566,108.2,27.0
"Olson, Matt",621566,108.5,20.0
"Olson, Matt",621566,107.3,24.0
"Olson, Matt",621566,105.1,27.0
"Olson, Matt",621566,102.3,47.0
"Goldschmidt, Paul",502671,109.3,30.0
"Goldschmidt, Paul",502671,110.1,24.0
"Goldschmidt, Paul",502671,107.5,39.0
"Goldschmidt, Paul",502671,100.2,40.0
"Goldschmidt, Paul",502671,107.8,25.0
"Goldschmidt, Paul",502671,104.5,35.0
"Goldschmidt, Paul",502671,99.3,31.0
"Goldschmidt, Paul",502671,105.9,24.0
"Goldschmidt, Paul",502671,101.2,33.0
"Goldschmidt, Paul",502671,99.0,36.0
"Goldschmidt, Paul",502671,107.7,35.0
"Goldschmidt, Paul",502671,103.6,34.0
"Goldschmidt, Paul",502671,106.5,37.0
"Goldschmidt, Paul",502671,103.9,29.0
"Goldschmidt, Paul",502671,102.2,33.0
"Goldschmidt, Paul",502671,94.3,33.0
"Goldschmidt, Paul",502671,104.3,28.0
"Goldschmidt, Paul",502671,110.0,27.0
"Goldschmidt, Paul",502671,104.2,29.0
"Goldschmidt, Paul",502671,103.6,36.0
"Goldschmidt, Paul",502671,110.0,28.0
"Goldschmidt, Paul",502671,101.8,28.0
"Burleson, Alec",676475,102.8,25.0
"Burleson, Alec",676475,108.1,20.0
"Burleson, Alec",676475,103.2,34.0
"Burleson, Alec",676475,109.5,29.0
"Burleson, Alec",676475,99.1,24.0
"Burleson, Alec",676475,98.0,28.0
"Burleson, Alec",676475,102.2,21.0
"Burleson, Alec",676475,100.4,26.0
"Burleson, Alec",676475,101.7,38.0
"Burleson, Alec",676475,105.1,24.0
"Burleson, Alec",676475,104.0,23.0
"Burleson, Alec",676475,103.2,31.0
"Burleson, Alec",676475,103.3,32.0
"Burleson, Alec",676475,103.7,30.0
"Burleson, Alec",676475,100.6,21.0
"Burleson, Alec",676475,105.0,27.0
"Burleson, Alec",676475,99.0,33.0
"Burleson, Alec",676475,107.1,26.0
"Burleson, Alec",676475,93.8,36.0
"Burleson, Alec",676475,102.7,28.0
"Burleson, Alec",676475,107.3,28.0
"Giménez, Andrés",665926,106.0,27.0
"Giménez, Andrés",665926,99.9,34.0
"Giménez, Andrés",665926,97.9,31.0
"Giménez, Andrés",665926,106.2,22.0
"Giménez, Andrés",665926,105.4,27.0
"Giménez, Andrés",665926,101.1,32.0
"Giménez, Andrés",665926,106.3,23.0
"Giménez, Andrés",665926,98.0,28.0
"Giménez, Andrés",665926,102.7,31.0
"Marte, Ketel",606466,112.9,30.0
"Marte, Ketel",606466,108.1,24.0
"Marte, Ketel",606466,105.5,24.0
"Marte, Ketel",606466,90.3,33.0
"Marte, Ketel",606466,106.9,29.0
"Marte, Ketel",606466,100.9,26.0
"Marte, Ketel",606466,105.9,36.0
"Marte, Ketel",606466,102.8,32.0
"Marte, Ketel",606466,101.3,30.0
"Marte, Ketel",606466,104.7,29.0
"Marte, Ketel",606466,106.2,27.0
"Marte, Ketel",606466,101.2,37.0
"Marte, Ketel",606466,110.2,19.0
"Marte, Ketel",606466,109.4,25.0
"Marte, Ketel",606466,102.6,28.0
"Marte, Ketel",606466,111.2,21.0
"Marte, Ketel",606466,107.0,32.0
"Marte, Ketel",606466,109.8,28.0
"Marte, Ketel",606466,108.4,27.0
"Marte, Ketel",606466,105.1,20.0
"Marte, Ketel",606466,103.2,23.0
"Marte, Ketel",606466,106.2,20.0
"Marte, Ketel",606466,103.7,28.0
"Marte, Ketel",606466,95.7,25.0
"Marte, Ketel",606466,106.1,24.0
"Marte, Ketel",606466,104.9,30.0
"Marte, Ketel",606466,110.3,24.0
"Marte, Ketel",606466,104.5,26.0
"Marte, Ketel",606466,105.2,30.0
"Marte, Ketel",606466,107.5,21.0
"Marte, Ketel",606466,102.6,27.0
"Marte, Ketel",606466,108.1,36.0
"Marte, Ketel",606466,110.9,17.0
"Marte, Ketel",606466,114.4,21.0
"Marte, Ketel",606466,99.9,29.0
"Marte, Ketel",606466,109.3,30.0
"Marte, Ketel",606466,101.2,26.0
"Alonso, Pete",624413,104.9,33.0
"Alonso, Pete",624413,101.8,35.0
"Alonso, Pete",624413,104.9,37.0
"Alonso, Pete",624413,108.4,30.0
"Alonso, Pete",624413,106.3,36.0
"Alonso, Pete",624413,109.9,33.0
"Alonso, Pete",624413,106.6,23.0
"Alonso, Pete",624413,110.3,37.0
"Alonso, Pete",624413,107.3,28.0
"Alonso, Pete",624413,110.6,27.0
"Alonso, Pete",624413,111.6,29.0
"Alonso, Pete",624413,113.8,26.0
"Alonso, Pete",624413,105.6,35.0
"Alonso, Pete",624413,112.2,32.0
"Alonso, Pete",624413,109.8,32.0
"Alonso, Pete",624413,103.6,29.0
"Alonso, Pete",624413,98.0,28.0
"Alonso, Pete",624413,106.5,32.0
"Alonso, Pete",624413,108.5,30.0
"Alonso, Pete",624413,110.2,38.0
"Alonso, Pete",624413,111.7,25.0
"Alonso, Pete",624413,98.6,32.0
"Alonso, Pete",624413,106.1,35.0
"Alonso, Pete",624413,103.5,32.0
"Alonso, Pete",624413,115.3,18.0
"Alonso, Pete",624413,109.0,20.0
"Alonso, Pete",624413,107.7,24.0
"Alonso, Pete",624413,105.6,24.0
"Alonso, Pete",624413,105.0,22.0
"Alonso, Pete",624413,106.9,25.0
"Alonso, Pete",624413,111.9,18.0
"Alonso, Pete",624413,105.4,24.0
"Alonso, Pete",624413,101.2,23.0
"Alonso, Pete",624413,113.8,18.0
"Suárez, Eugenio",553993,106.8,28.0
"Suárez, Eugenio",553993,101.9,26.0
"Suárez, Eugenio",553993,107.3,32.0
"Suárez, Eugenio",553993,98.0,39.0
"Suárez, Eugenio",553993,111.0,25.0
"Suárez, Eugenio",553993,99.2,26.0
"Suárez, Eugenio",553993,101.2,36.0
"Suárez, Eugenio",553993,107.7,26.0
"Suárez, Eugenio",553993,102.9,30.0
"Suárez, Eugenio",553993,105.8,25.0
"Suárez, Eugenio",553993,99.8,32.0
"Suárez, Eugenio",553993,96.8,39.0
"Suárez, Eugenio",553993,107.6,32.0
"Suárez, Eugenio",553993,109.5,27.0
"Suárez, Eugenio",553993,111.2,32.0
"Suárez, Eugenio",553993,100.3,27.0
"Suárez, Eugenio",553993,99.6,31.0
"Suárez, Eugenio",553993,103.0,37.0
"Suárez, Eugenio",553993,110.1,41.0
"Suárez, Eugenio",553993,111.4,36.0
"Suárez, Eugenio",553993,107.0,26.0
"Suárez, Eugenio",553993,106.3,29.0
"Suárez, Eugenio",553993,110.6,32.0
"Suárez, Eugenio",553993,98.3,26.0
"Suárez, Eugenio",553993,97.6,32.0
"Suárez, Eugenio",553993,107.2,30.0
"Suárez, Eugenio",553993,102.0,42.0
"Suárez, Eugenio",553993,104.4,26.0
"Suárez, Eugenio",553993,100.1,37.0
"Suárez, Eugenio",553993,100.0,28.0
"Suárez, Eugenio",553993,106.7,32.0
"Chourio, Jackson",694192,105.5,19.0
"Chourio, Jackson",694192,102.8,32.0
"Chourio, Jackson",694192,100.2,31.0
"Chourio, Jackson",694192,103.4,27.0
"Chourio, Jackson",694192,102.8,28.0
"Chourio, Jackson",694192,109.7,30.0
"Chourio, Jackson",694192,104.9,27.0
"Chourio, Jackson",694192,101.1,28.0
"Chourio, Jackson",694192,101.8,29.0
"Chourio, Jackson",694192,98.1,29.0
"Chourio, Jackson",694192,101.7,34.0
"Chourio, Jackson",694192,107.7,29.0
"Chourio, Jackson",694192,98.4,24.0
"Chourio, Jackson",694192,87.8,16.0
"Chourio, Jackson",694192,100.9,20.0
"Chourio, Jackson",694192,102.5,34.0
"Chourio, Jackson",694192,107.8,27.0
"Chourio, Jackson",694192,102.7,26.0
"Chourio, Jackson",694192,97.2,27.0
"Chourio, Jackson",694192,101.3,29.0
"Chourio, Jackson",694192,103.5,24.0
"Suzuki, Seiya",673548,108.2,28.0
"Suzuki, Seiya",673548,101.9,27.0
"Suzuki, Seiya",673548,99.3,27.0
"Suzuki, Seiya",673548,110.3,22.0
"Suzuki, Seiya",673548,103.8,28.0
"Suzuki, Seiya",673548,110.0,25.0
"Suzuki, Seiya",673548,104.8,22.0
"Suzuki, Seiya",673548,104.9,22.0
"Suzuki, Seiya",673548,107.3,29.0
"Suzuki, Seiya",673548,104.6,22.0
"Suzuki, Seiya",673548,104.9,40.0
"Suzuki, Seiya",673548,105.6,23.0
"Suzuki, Seiya",673548,109.0,28.0
"Suzuki, Seiya",673548,104.8,27.0
"Suzuki, Seiya",673548,103.9,29.0
"Suzuki, Seiya",673548,106.9,32.0
"Suzuki, Seiya",673548,102.6,29.0
"Suzuki, Seiya",673548,105.9,32.0
"Suzuki, Seiya",673548,100.3,35.0
"Suzuki, Seiya",673548,105.0,22.0
"Suzuki, Seiya",673548,115.0,16.0
